{
  "lang":"en",
  "name":"pipeline",
  "version":"0.0.0",
  "spacy_version":">=3.7.4,<3.8.0",
  "description":"",
  "author":"",
  "email":"",
  "url":"",
  "license":"",
  "spacy_git_version":"bff8725f4",
  "vectors":{
    "width":0,
    "vectors":0,
    "keys":0,
    "name":null,
    "mode":"default"
  },
  "labels":{
    "tok2vec":[

    ],
    "ner":[
      "adultii",
      "cantitate",
      "copii",
      "doza_descriptiva",
      "frecventa",
      "interval",
      "kg",
      "medicament",
      "punctuatie",
      "um",
      "uma",
      "varsta"
    ]
  },
  "pipeline":[
    "tok2vec",
    "ner"
  ],
  "components":[
    "tok2vec",
    "ner"
  ],
  "disabled":[

  ],
  "performance":{
    "ents_f":0.9911710037,
    "ents_p":0.9879573877,
    "ents_r":0.9944055944,
    "ents_per_type":{
      "adultii":{
        "p":0.9636363636,
        "r":0.9814814815,
        "f":0.9724770642
      },
      "cantitate":{
        "p":0.9877149877,
        "r":0.9975186104,
        "f":0.9925925926
      },
      "doza_descriptiva":{
        "p":0.9842105263,
        "r":1.0,
        "f":0.9920424403
      },
      "frecventa":{
        "p":0.9756097561,
        "r":1.0,
        "f":0.987654321
      },
      "uma":{
        "p":0.9883381924,
        "r":0.9941348974,
        "f":0.9912280702
      },
      "um":{
        "p":0.997005988,
        "r":0.9940298507,
        "f":0.9955156951
      },
      "medicament":{
        "p":0.9333333333,
        "r":0.9032258065,
        "f":0.9180327869
      },
      "kg":{
        "p":1.0,
        "r":1.0,
        "f":1.0
      },
      "copii":{
        "p":0.9879518072,
        "r":0.9761904762,
        "f":0.9820359281
      },
      "interval":{
        "p":1.0,
        "r":1.0,
        "f":1.0
      },
      "varsta":{
        "p":1.0,
        "r":1.0,
        "f":1.0
      },
      "punctuatie":{
        "p":1.0,
        "r":1.0,
        "f":1.0
      }
    },
    "tok2vec_loss":583.4459692981,
    "ner_loss":726.2294596773
  }
}