{
  "lang":"en",
  "name":"pipeline",
  "version":"0.0.0",
  "spacy_version":">=3.7.4,<3.8.0",
  "description":"",
  "author":"",
  "email":"",
  "url":"",
  "license":"",
  "spacy_git_version":"bff8725f4",
  "vectors":{
    "width":0,
    "vectors":0,
    "keys":0,
    "name":null,
    "mode":"default"
  },
  "labels":{
    "tok2vec":[

    ],
    "ner":[
      "adultii",
      "cantitate",
      "copii",
      "doza_descriptiva",
      "frecventa",
      "interval",
      "kg",
      "medicament",
      "punctuatie",
      "um",
      "uma",
      "varsta"
    ]
  },
  "pipeline":[
    "tok2vec",
    "ner"
  ],
  "components":[
    "tok2vec",
    "ner"
  ],
  "disabled":[

  ],
  "performance":{
    "ents_f":0.9916589435,
    "ents_p":0.985720866,
    "ents_r":0.9976689977,
    "ents_per_type":{
      "adultii":{
        "p":1.0,
        "r":0.962962963,
        "f":0.9811320755
      },
      "cantitate":{
        "p":0.9853121175,
        "r":0.9987593052,
        "f":0.9919901417
      },
      "doza_descriptiva":{
        "p":0.9842105263,
        "r":1.0,
        "f":0.9920424403
      },
      "frecventa":{
        "p":0.9916666667,
        "r":0.9916666667,
        "f":0.9916666667
      },
      "uma":{
        "p":0.9855072464,
        "r":0.9970674487,
        "f":0.9912536443
      },
      "um":{
        "p":0.9911242604,
        "r":1.0,
        "f":0.9955423477
      },
      "medicament":{
        "p":0.8611111111,
        "r":1.0,
        "f":0.9253731343
      },
      "kg":{
        "p":1.0,
        "r":1.0,
        "f":1.0
      },
      "copii":{
        "p":0.976744186,
        "r":1.0,
        "f":0.9882352941
      },
      "interval":{
        "p":1.0,
        "r":1.0,
        "f":1.0
      },
      "varsta":{
        "p":1.0,
        "r":1.0,
        "f":1.0
      },
      "punctuatie":{
        "p":1.0,
        "r":1.0,
        "f":1.0
      }
    },
    "tok2vec_loss":478.0105045961,
    "ner_loss":826.7783990307
  }
}